{
  "format": "minoflux_heuristic_v1",
  "weights": {
    "aggregate_height": -1.050068613411163,
    "max_height": -0.47087643783679134,
    "holes": -0.9920104693103782,
    "hole_depth": -0.3254973599040858,
    "bumpiness": -0.504347676843024,
    "wells": -0.050485154371282176,
    "new_holes": -1.4502398278836357,
    "lines": 0.36725597018062683,
    "attack": 0.7829327318571475,
    "spin_lines": 1.9576179745784237,
    "perfect_clear": 6.798202585847127,
    "game_over": -1000000.0
  }
}
